Prefix_Suffix,having_Sub_Domain,Request_URL,URL_of_Anchor,Links_in_tags,SFH,Google_Index,Result,URL,Target
-1,-1,-1,-1,1,1,-1,-1,https://www.paypal.com/us/home,Paypal
-1,-1,-1,-1,1,1,-1,-1,https://www.paypal.com/us/webapps/mpp/about,Paypal
-1,-1,1,-1,1,1,-1,-1,https://www.paypal.com/stories/us,Paypal
-1,-1,-1,-1,1,1,-1,-1,https://www.paypal.com/us/webapps/mpp/jobs,Paypal
1,0,1,1,1,1,-1,-1,https://investor.paypal-corp.com/,Paypal
-1,-1,1,-1,1,1,-1,-1,https://www.paypal.com/us/webapps/mpp/public-policy,Paypal
-1,-1,1,-1,1,1,-1,-1,https://www.paypal.com/us/webapps/mpp/full-sitemap,Paypal
-1,-1,-1,-1,1,1,-1,-1,https://www.paypal.com/us/webapps/mpp/enterprise,Paypal
-1,-1,-1,-1,1,1,-1,-1,https://www.paypal.com/us/webapps/mpp/partner-program,Paypal
-1,-1,1,-1,1,1,-1,-1,https://www.paypal.com/us/webapps/mpp/ua/privacy-full,Paypal
-1,-1,-1,-1,1,1,-1,-1,https://www.paypal.com/us/webapps/mpp/ua/legalhub-full,Paypal
-1,-1,-1,-1,1,1,-1,-1,https://www.paypal.com/us/webapps/mpp/account-selection,Paypal
-1,-1,1,-1,1,1,-1,-1,https://www.paypal.com/us/webapps/mpp/merchant,Paypal
-1,-1,-1,-1,1,1,-1,-1,https://www.paypal.com/us/webapps/mpp/paypal-safety-and-security,Paypal
-1,-1,-1,-1,1,1,-1,-1,https://www.paypal.com/us/webapps/mpp/paypal-credit,Paypal
-1,-1,1,-1,1,1,-1,-1,https://www.paypal.com/us/webapps/mpp/pay-online,Paypal
-1,-1,-1,-1,1,1,-1,-1,https://www.paypal.com/us/webapps/mpp/getting-started/get-account/overview,Paypal
-1,-1,1,-1,1,1,-1,-1,https://www.paypal.com/us/selfhelp/article/what-are-the-fees-for-paypal-accounts-faq690,Paypal
-1,-1,-1,-1,1,1,-1,-1,https://www.paypal.com/us/webapps/mpp/pay-in-stores,Paypal
-1,-1,1,-1,1,1,-1,-1,https://www.paypal.com/us/webapps/mpp/pay-on-ebay,Paypal
-1,-1,1,-1,1,1,-1,-1,https://www.paypal.com/us/webapps/mpp/about-paypal-products,Paypal
-1,-1,-1,-1,1,1,-1,-1,https://www.paypal.com/us/webapps/mpp/merchant,Paypal
-1,-1,1,-1,1,1,-1,-1,https://www.paypal.com/us/webapps/mpp/merchant-working-capital,Paypal
-1,-1,1,-1,1,1,-1,-1,https://www.paypal.com/us/webapps/mpp/credit-card-reader,Paypal
-1,-1,-1,-1,1,1,-1,-1,https://www.paypal.com/us/webapps/mpp/express-checkout,Paypal
-1,-1,-1,-1,1,1,-1,-1,https://www.paypal.com/us/webapps/mpp/point-of-sale-systems,Paypal
-1,-1,-1,-1,1,1,-1,-1,https://www.paypal.com/us/webapps/mpp/send-money-online,Paypal
-1,-1,-1,-1,1,1,-1,-1,https://www.paypal.com/us/webapps/mpp/requesting-payments,Paypal
-1,-1,-1,-1,1,1,-1,-1,https://www.paypal.com/deals/,Paypal
-1,-1,-1,-1,1,1,1,-1,https://www.paypal.com/deals/?view=details&offerid=5ymlndbrka2aa,Paypal
-1,-1,1,-1,1,1,1,-1,https://www.paypal.com/deals/?view=details&offerid=trt7h4zunafx4,Paypal
-1,-1,-1,-1,1,1,1,-1,https://www.paypal.com/deals/?view=details&offerid=57mr324rtylcc,Paypal
-1,-1,1,-1,1,1,1,-1,https://www.paypal.com/deals/?view=details&offerid=a4upqmkrfmxws,Paypal
-1,-1,1,-1,1,1,1,-1,https://www.paypal.com/deals/?view=details&offerid=x277bsxd8zgw6,Paypal
-1,-1,-1,-1,1,1,1,-1,https://www.paypal.com/deals/?view=details&offerid=6gw947y3fla4e,Paypal
-1,-1,-1,-1,1,1,1,-1,https://www.paypal.com/deals/?view=details&offerid=3j9cjcvvc2n8l,Paypal
-1,-1,1,-1,1,1,1,-1,https://www.paypal.com/deals/?view=details&offerid=bf7xxfzd7ftga,Paypal
-1,-1,1,-1,1,1,1,-1,https://www.paypal.com/deals/?view=details&offerid=j54gtt6k9lsmw,Paypal
-1,-1,-1,-1,1,1,1,-1,https://www.paypal.com/deals/?view=details&offerid=f392kmw5v9ktu,Paypal
-1,-1,1,-1,1,1,1,-1,https://www.paypal.com/deals/?view=details&offerid=pr3gld3kaa5qg,Paypal
-1,-1,-1,-1,1,1,-1,-1,https://www.paypal.com/us/webapps/mpp/returns,Paypal
-1,-1,-1,-1,1,1,-1,-1,https://www.paypal.com/us/webapps/mpp/returns/terms,Paypal
-1,-1,-1,-1,1,1,-1,-1,https://www.paypal.com/us/webapps/mpp/paypal-safety-and-security,Paypal
-1,-1,-1,-1,1,1,-1,-1,https://www.paypal.com/us/webapps/mpp/security/seller-protection,Paypal
-1,-1,1,-1,1,1,-1,-1,https://www.paypal.com/us/webapps/mpp/social-innovation,Paypal
-1,-1,1,-1,1,1,-1,-1,https://www.paypal.com/us/webapps/mpp/social-innovation/powering-giving,Paypal
-1,-1,-1,-1,1,1,-1,-1,https://www.paypal.com/fundraiser/hub,Paypal
-1,-1,1,-1,1,1,-1,-1,https://www.paypal.com/stories/us/information-about-our-paypal-giving-fund-program,Paypal
-1,-1,1,-1,1,1,-1,-1,https://www.paypal.com/stories/us/delivering-the-choice-and-flexibility-of-digital-payments,Paypal
-1,-1,1,-1,1,1,-1,-1,https://www.paypal.com/stories/us/enabling-more-mobile-payments-in-partnership-with-google,Paypal
-1,-1,1,-1,1,1,-1,-1,https://www.paypal.com/stories/us/paypal-credit-gives-a-boost-to-small-businesses,Paypal
-1,-1,-1,-1,1,1,-1,-1,https://www.paypal.com/stories/us/values-aligned-collaboration-unleashing-financial-health,Paypal
-1,-1,1,-1,1,1,-1,-1,https://www.paypal.com/stories/us/cross-border-trade-paypals-400b-business,Paypal
-1,-1,1,-1,1,1,-1,-1,https://www.paypal.com/stories/us/helping-take-the-pain-out-of-tax-time-for-small-business-owners,Paypal
-1,-1,1,-1,1,1,-1,-1,https://www.paypal.com/stories/us/paypals-jayashree-sundaresan-channels-energy-into-positive-work,Paypal
-1,-1,1,-1,1,1,-1,-1,https://www.paypal.com/stories/us/from-the-marine-corps-to-paypal-finding-purpose-after-service,Paypal
-1,-1,-1,-1,1,1,-1,-1,https://www.paypal.com/stories/us/irs-and-zoho-books-now-integrated-with-paypal,Paypal
-1,-1,-1,-1,1,1,-1,-1,https://www.paypal.com/stories/us/paypals-cnow-east-learning-engaging-with-mid-market-merchants,Paypal
-1,-1,1,-1,1,1,-1,-1,https://www.paypal.com/stories/us/3-tax-season-success-tips-for-small-business-owners,Paypal
-1,-1,1,-1,1,1,-1,-1,https://www.paypal.com/stories/us/digital-remittances-and-global-financial-health,Paypal
-1,-1,1,-1,1,1,-1,-1,https://www.paypal.com/stories/us/mobile-world-congress-2017-context-the-next-gen-of-commerce,Paypal
-1,-1,-1,-1,1,1,-1,-1,https://www.paypal.com/stories/us/thank-you-to-our-community-of-customers,Paypal
-1,-1,-1,-1,1,1,-1,-1,https://www.paypal.com/stories/us/paypal-mobile-leadership-extends,Paypal
-1,-1,-1,-1,1,1,-1,-1,https://www.paypal.com/stories/us/xoom-employee-cooks-her-way-into-masterchef-indias-semifinals,Paypal
-1,-1,-1,-1,1,1,-1,-1,https://www.paypal.com/stories/us/paypal-to-acquire-tio-networks,Paypal
-1,-1,1,-1,1,1,-1,-1,https://www.paypal.com/stories/us/paypal-delivers-on-customer-choice-11-partnerships-in-11-months,Paypal
-1,-1,1,-1,1,1,-1,-1,https://www.paypal.com/stories/us/new-product-enhancements-built-with-and-for-small-businesses,Paypal
-1,-1,1,-1,1,1,-1,-1,https://www.paypal.com/stories/us/sending-money-now-theres-a-bot-for-that,Paypal
-1,-1,-1,-1,1,1,-1,-1,https://www.paypal.com/stories/us/paypal-employee-puts-her-new-heart-to-good-use,Paypal
-1,-1,1,-1,1,1,-1,-1,https://www.paypal.com/stories/us/digital-media-plays-on-merchants-must-stay-on-the-beat,Paypal
-1,-1,-1,-1,1,1,-1,-1,https://www.paypal.com/stories/us/four-ways-to-avoid-shopping-cart-abandonment,Paypal
-1,-1,1,-1,1,1,1,-1,https://www.paypal.com/stories/us/supporting-our-colleagues-around-the-world,Paypal
-1,-1,-1,-1,1,1,1,-1,https://www.paypal.com/stories/us/paypals-fourth-quarter-and-full-year-2016-results,Paypal
-1,-1,-1,-1,1,1,-1,-1,https://www.paypal.com/stories/us/get-creative-this-valentines-day-shop-the-globe-with-paypal,Paypal
-1,-1,-1,-1,1,1,1,-1,https://www.paypal.com/stories/us/the-dos-donts-of-starting-a-new-business,Paypal
-1,-1,1,-1,1,1,1,-1,https://www.paypal.com/stories/us/airbnbs-belinda-johnson-joins-paypals-board,Paypal
-1,-1,1,-1,1,1,-1,-1,https://www.paypal.com/stories/us/6-things-to-consider-when-choosing-a-payments-processor,Paypal
-1,-1,1,-1,1,1,-1,-1,https://www.paypal.com/stories/us/paypal-discover-partner-to-deliver-better-purchasing-experience,Paypal
-1,-1,-1,-1,1,1,-1,-1,https://www.paypal.com/stories/us/mark-your-calendars-us-merchant-2017-sales-tax-filing-dates,Paypal
-1,-1,-1,-1,1,1,1,-1,https://www.paypal.com/stories/us/paypal-exceeds-971-million-in-charitable-giving-this-holiday,Paypal
-1,-1,-1,-1,1,1,1,-1,https://www.paypal.com/stories/us/5-keys-to-sales-tax-compliance-for-us-online-sales,Paypal
-1,-1,1,-1,1,1,1,-1,https://www.paypal.com/stories/us/4-must-remember-tips-when-filing-your-sales-tax-returns,Paypal
-1,-1,-1,-1,1,1,1,-1,https://www.paypal.com/stories/us/smart-resolutions-for-small-businesses-in-2017,Paypal
-1,-1,-1,-1,1,1,1,-1,https://www.paypal.com/stories/us/paypal-partners-with-the-atlantic-to-host-inclusion-workshop,Paypal
-1,-1,1,-1,1,1,1,-1,https://www.paypal.com/stories/us/a-healthy-social-media-strategy-this-holiday-season-and-beyond,Paypal
-1,-1,1,-1,1,1,1,-1,https://www.paypal.com/stories/us/paypal-cash-adds-8-000-7-eleven-stores-to-its-us-availability,Paypal
-1,-1,-1,-1,1,1,1,-1,https://www.paypal.com/stories/us/paypal-partners-with-citi-and-fis-to-drive-incremental-spend,Paypal
-1,-1,1,-1,1,1,1,-1,https://www.paypal.com/stories/us/how-a-small-specialty-ring-merchant-expanded-globally-with-paypal,Paypal
-1,-1,1,-1,1,1,1,-1,https://www.paypal.com/stories/us/paypal-named-best-place-to-work-for-lgbtq-equality,Paypal
-1,-1,-1,-1,1,1,1,-1,https://www.paypal.com/stories/us/3-holiday-shopping-trends-from-thanksgiving-to-givingtuesday,Paypal
-1,-1,-1,-1,1,1,1,-1,https://www.paypal.com/stories/us/gift-money-in-style-this-holiday-with-paypal-jonathan-adler,Paypal
-1,-1,1,-1,1,1,1,-1,https://www.paypal.com/stories/us/paypal-users-donated-more-than-48-million-on-givingtuesday,Paypal
-1,-1,-1,-1,1,1,-1,-1,https://www.paypal.com/stories/us/simplifying-payments-for-entrepreneurs-on-squarespace,Paypal
-1,-1,-1,-1,1,1,1,-1,https://www.paypal.com/stories/us/paypal-delivers-business-services-on-the-go,Paypal
-1,-1,-1,-1,1,1,-1,-1,https://www.paypal.com/stories/us/paypal-holiday-shopping-data-shows-strong-mobile-growth,Paypal
-1,-1,1,-1,1,1,1,-1,https://www.paypal.com/stories/us/tis-the-season-turbocharging-sales-for-the-next-100-hours,Paypal
-1,-1,1,-1,1,1,1,-1,https://www.paypal.com/stories/us/6-tips-to-get-mobile-ready-for-holiday-season,Paypal
-1,-1,-1,-1,1,1,1,-1,https://www.paypal.com/stories/us/how-this-holiday-merchant-managed-skyrocketing-growth,Paypal
-1,-1,-1,-1,1,1,1,-1,https://www.paypal.com/stories/us/5-things-to-do-in-south-africa-with-paypal,Paypal
-1,-1,-1,-1,1,1,1,-1,https://www.paypal.com/stories/us/tis-the-season-to-give-cheer,Paypal
-1,-1,1,-1,1,1,1,-1,https://www.paypal.com/stories/us/increase-sales-this-holiday-season-with-international-shoppers,Paypal
-1,-1,-1,-1,1,1,1,-1,https://www.paypal.com/stories/us/5-things-to-do-in-kenya-with-paypal,Paypal
-1,-1,1,-1,1,1,1,-1,https://www.paypal.com/stories/us/offering-your-customers-financing-options-can-impact-sales,Paypal
-1,-1,1,-1,1,1,1,-1,https://www.paypal.com/stories/us/getting-deals-at-the-worlds-biggest-global-shopping-events,Paypal
-1,-1,1,-1,1,1,-1,-1,https://www.paypal.com/stories/us/hey-siri-sending-receiving-money-with-paypal-is-now-easier,Paypal
-1,-1,-1,-1,1,1,1,-1,https://www.paypal.com/stories/us/make-the-most-of-social-media-as-a-sales-channel,Paypal
-1,-1,-1,-1,1,1,-1,-1,https://www.paypal.com/stories/us/five-tips-to-tackle-the-digital-goods-economy,Paypal
-1,-1,-1,-1,1,1,1,-1,https://www.paypal.com/stories/us/anatomy-of-a-good-promotion-part-3-promotion,Paypal
-1,-1,-1,-1,1,1,1,-1,https://www.paypal.com/stories/us/anatomy-of-a-good-promotion-part-2-the-structure,Paypal
-1,-1,-1,-1,1,1,1,-1,https://www.paypal.com/stories/us/anatomy-of-a-good-promotion-part-1-planning,Paypal
-1,-1,-1,-1,1,1,1,-1,https://www.paypal.com/stories/us/holiday-predictions-big-buys-bathrooms-and-binge-watching,Paypal
-1,-1,-1,-1,1,1,1,-1,https://www.paypal.com/stories/us/get-invoices-paid-twice-as-fast,Paypal
-1,-1,1,-1,1,1,1,-1,https://www.paypal.com/stories/us/paypal-enhances-payment-experience-for-facebook-and-messenger,Paypal
-1,-1,1,-1,1,1,1,-1,https://www.paypal.com/stories/us/paypal-and-xoom-make-it-easier-to-send-and-request-money-abroad,Paypal
-1,-1,1,-1,1,1,1,-1,https://www.paypal.com/stories/us/get-selling-in-time-for-the-holidays-start-with-an-ebay-store,Paypal
-1,-1,-1,-1,1,1,1,-1,https://www.paypal.com/stories/us/how-you-can-help-people-affected-by-hurricane-matthew,Paypal
-1,-1,-1,-1,1,1,1,-1,https://www.paypal.com/stories/us/make-this-holiday-season-your-best-yet,Paypal
-1,-1,-1,-1,1,1,1,-1,https://www.paypal.com/stories/us/the-paypal-and-kiva-connection-a-shared-mission,Paypal
-1,-1,-1,-1,1,1,1,-1,https://www.paypal.com/stories/us/tools-for-supersizing-your-holiday-giving-revenues,Paypal
-1,-1,1,-1,1,1,1,-1,https://www.paypal.com/stories/us/paypal-kiva-celebrating-ten-years-of-making-a-difference,Paypal
-1,-1,1,-1,1,1,1,-1,https://www.paypal.com/stories/us/improving-the-donate-button-for-bigger-bucks,Paypal
-1,-1,1,-1,1,1,1,-1,https://www.paypal.com/stories/us/increase-your-sales-this-holiday-6-tips-to-improve-checkout,Paypal
-1,-1,1,-1,1,1,1,-1,https://www.paypal.com/stories/us/paylease-and-paypal-partner-to-simplify-payments-in-rental-market,Paypal
-1,-1,1,-1,1,1,1,-1,https://www.paypal.com/stories/us/making-school-payments-easy-for-staff-parents-and-volunteers,Paypal
-1,-1,1,-1,1,1,1,-1,https://www.paypal.com/stories/us/braintree-sees-continued-growth-3-years-into-acquisition,Paypal
-1,-1,-1,-1,1,1,1,-1,https://www.paypal.com/stories/us/paypals-darrell-esch-shares-working-capital-success-on-cbc-panel,Paypal
-1,-1,-1,-1,1,1,1,-1,https://www.paypal.com/stories/us/parent-friendly-ways-to-raise-money-for-your-school,Paypal
-1,-1,1,-1,1,1,1,-1,https://www.paypal.com/stories/us/paypal-and-partners-deliver-new-experiences-this-holiday-season,Paypal
-1,-1,-1,-1,1,1,1,-1,https://www.paypal.com/stories/us/volusion-integrates-paypal-simplifying-merchant-checkout,Paypal
-1,-1,1,-1,1,1,1,-1,https://www.paypal.com/stories/us/paypal-and-mastercard-expand-partnership,Paypal
-1,-1,1,-1,1,1,1,-1,https://www.paypal.com/stories/us/study-finds-payment-method-matters-when-donating-to-charity,Paypal
-1,-1,-1,-1,1,1,1,-1,https://www.paypal.com/stories/us/obstacles-in-life-may-be-blessings-if-you-keep-your-mind-open,Paypal
-1,-1,-1,-1,1,1,1,-1,https://www.paypal.com/fundraiser/charity/48752,Paypal
-1,-1,1,-1,1,1,1,-1,https://www.paypal.com/fundraiser/charity/30238,Paypal
-1,-1,-1,-1,1,1,1,-1,https://www.paypal.com/fundraiser/charity/5153,Paypal
-1,-1,1,-1,1,1,1,-1,https://www.paypal.com/fundraiser/charity/4980,Paypal
-1,-1,1,-1,1,1,1,-1,https://www.paypal.com/fundraiser/charity/1443,Paypal
-1,-1,-1,-1,1,1,1,-1,https://www.paypal.com/fundraiser/charity/5217,Paypal
-1,-1,1,-1,1,1,1,-1,https://www.paypal.com/us/webapps/mpp/jobs/culture,Paypal
-1,-1,-1,-1,1,1,1,-1,https://www.paypal.com/us/webapps/mpp/jobs/benefits,Paypal
-1,-1,-1,-1,1,1,1,-1,https://www.paypal.com/us/webapps/mpp/jobs/people,Paypal
-1,-1,1,-1,1,1,1,-1,https://www.paypal.com/us/webapps/mpp/jobs/students-and-grads,Paypal
-1,-1,-1,-1,1,1,1,-1,https://www.paypal.com/us/webapps/mpp/jobs/jobs-by-category,Paypal
-1,-1,-1,-1,1,1,1,-1,https://www.paypal.com/us/webapps/mpp/jobs/locations,Paypal
-1,-1,1,-1,1,1,1,-1,https://www.paypal.com/us/webapps/mpp/jobs/companies,Paypal
-1,-1,1,-1,1,1,1,-1,https://www.paypal.com/us/webapps/mpp/paypal-payments-pro,Paypal
-1,-1,-1,-1,1,1,1,-1,https://www.paypal.com/stories/us/cardless-cash-powered-by-paydiant-and-fis-coming-to-70k-pai-atms,Paypal
-1,-1,-1,-1,1,1,1,-1,https://www.paypal.com/stories/us/paypal-app-makes-it-easier-for-android-users-to-login,Paypal
-1,-1,1,-1,1,1,1,-1,https://www.paypal.com/stories/us/get-ahead-of-the-class-this-back-to-school-season,Paypal
-1,-1,-1,-1,1,1,1,-1,https://www.paypal.com/stories/us/building-an-inclusive-and-diverse-workforce-at-paypal,Paypal
-1,-1,-1,-1,1,1,1,-1,https://www.paypal.com/stories/us/the-secret-to-successfully-balancing-multiple-passions-and-goals,Paypal
-1,-1,1,-1,1,1,1,-1,https://www.paypal.com/stories/us/go-cashless-at-outside-lands-and-save-5,Paypal
-1,-1,-1,-1,1,1,1,-1,https://www.paypal.com/stories/us/celebrating-one-year-as-pypl,Paypal
-1,-1,1,-1,1,1,1,-1,https://www.paypal.com/stories/us/venmo-users-can-now-pay-with-venmo-in-a-number-of-merchant-apps,Paypal
-1,-1,1,-1,1,1,1,-1,https://www.paypal.com/stories/us/embrace-your-differences-and-use-them-to-propel-you-forward,Paypal
-1,-1,-1,-1,1,1,1,-1,https://www.paypal.com/stories/us/paypal-reports-second-quarter-results-raises-revenue-outlook,Paypal
-1,-1,1,-1,1,1,1,-1,https://www.paypal.com/stories/us/paypal-visa-enter-partnership-to-extend-consumer-payment-choice,Paypal
-1,-1,-1,-1,1,1,1,-1,https://www.paypal.com/stories/us/how-2-billion-turned-dreams-into-reality,Paypal
-1,-1,-1,-1,1,1,1,-1,https://www.paypal.com/stories/us/now-you-can-support-your-favorite-causes-in-the-paypal-app,Paypal
-1,-1,1,-1,1,1,1,-1,https://www.paypal.com/stories/us/women-recharge-and-reenter-the-workforce,Paypal
-1,-1,-1,-1,1,1,1,-1,https://www.paypal.com/stories/us/how-paypal-working-capital-helps-bee-raw-prepare-for-the-holidays,Paypal
-1,-1,-1,-1,1,1,1,-1,https://www.paypal.com/stories/us/a-locals-guide-to-chicago,Paypal
-1,-1,-1,-1,1,1,1,-1,https://www.paypal.com/stories/us/riobypaypal-travel-to-rio-de-janeiro-with-paypal,Paypal
-1,-1,-1,-1,1,1,1,-1,https://www.paypal.com/stories/us/a-locals-guide-to-miami,Paypal
-1,-1,1,-1,1,1,1,-1,https://www.paypal.com/stories/us/a-locals-guide-to-san-francisco,Paypal
-1,-1,1,-1,1,1,1,-1,https://www.paypal.com/stories/us/first-lady-announces-paypals-support-for-let-girls-learn,Paypal
-1,-1,1,-1,1,1,1,-1,https://www.paypal.com/stories/us/travel-with-paypal-big-fun-without-big-bills,Paypal
-1,-1,1,-1,1,1,1,-1,https://www.paypal.com/stories/us/new-money-has-no-boundaries,Paypal
-1,-1,-1,-1,1,1,1,-1,https://www.paypal.com/stories/us/a-locals-guide-to-new-york-city,Paypal
-1,-1,-1,-1,1,1,1,-1,https://www.paypal.com/stories/us/the-benefits-of-finding-a-job-that-isnt-quot-workquot,Paypal
-1,-1,1,-1,1,1,1,-1,https://www.paypal.com/stories/us/edbacker-is-innovating-k-12-school-fundraising-powered-by-paypal,Paypal
-1,-1,-1,-1,1,1,1,-1,https://www.paypal.com/stories/us/paypal-giving-fund-offers-charities-new-fundraising-opportunities,Paypal
-1,-1,-1,-1,1,1,1,-1,https://www.paypal.com/stories/us/paypals-devin-whitney-talks-workplace-equality,Paypal
-1,-1,1,-1,1,1,1,-1,https://www.paypal.com/stories/us/business-tips-from-shopifys-build-a-business-winners,Paypal
-1,-1,1,-1,1,1,1,-1,https://www.paypal.com/stories/us/its-time-to-upgrade-to-version-60-of-the-paypal-app,Paypal
-1,-1,-1,-1,1,1,1,-1,https://www.paypal.com/stories/us/paypal-team-named-a-winner-at-iot-worlds-smart-city-hackathon,Paypal
-1,-1,-1,-1,1,1,1,-1,https://www.paypal.com/stories/us/paypal-hosts-first-us-small-merchant-advocacy-day,Paypal
-1,-1,-1,-1,1,1,1,-1,https://www.paypal.com/stories/us/dont-underestimate-the-power-of-serendipity,Paypal
-1,-1,-1,-1,1,1,1,-1,https://www.paypal.com/stories/us/join-the-fun-raising-and-donate-to-red-nose-day,Paypal
-1,-1,1,-1,1,1,1,-1,https://www.paypal.com/stories/us/mayor-liccardo-and-paypal-welcome-kiva-zip-to-san-jose,Paypal
-1,-1,-1,-1,1,1,1,-1,https://www.paypal.com/stories/us/paypals-ted-sargent-to-make-solo-sail-around-ireland-for-charity,Paypal
-1,-1,-1,-1,1,1,1,-1,https://www.paypal.com/stories/us/shop-mothers-day-gifts-from-paypals-featured-small-businesses,Paypal
-1,-1,1,-1,1,1,1,-1,https://www.paypal.com/stories/us/celebrating-national-small-business-week-with-jedi-robes,Paypal
-1,-1,-1,-1,1,1,1,-1,https://www.paypal.com/stories/us/rebels-with-a-cause-how-millennials-are-changing-the-world,Paypal
-1,-1,1,-1,1,1,1,-1,https://www.paypal.com/stories/us/5-words-that-define-national-small-business-week,Paypal
-1,-1,1,-1,1,1,1,-1,https://www.paypal.com/stories/us/mental-health-month-small-business-spotlight-wear-your-label,Paypal
-1,-1,-1,-1,1,1,1,-1,https://www.paypal.com/stories/us/paypal-invests-in-acorns-the-fastest-growing-micro-investing-app,Paypal
-1,-1,-1,-1,1,1,1,-1,https://www.paypal.com/stories/us/celebrating-mini-paypalers-at-take-your-kid-to-work-day,Paypal
-1,-1,-1,-1,1,1,1,-1,https://www.paypal.com/stories/us/beyond-financial-literacy,Paypal
-1,-1,1,-1,1,1,1,-1,https://www.paypal.com/stories/us/twitter-chat-recap-tips-on-launching-a-global-ecommerce-business,Paypal
-1,-1,-1,-1,1,1,1,-1,https://www.paypal.com/stories/us/xoom-expands-digital-money-transfer-services-to-11-countries,Paypal
-1,-1,1,-1,1,1,1,-1,https://www.paypal.com/stories/us/paypal-reports-strong-first-quarter-results,Paypal
-1,-1,1,-1,1,1,1,-1,https://www.paypal.com/stories/us/entrepreneurs-on-a-social-mission-luminaid,Paypal
-1,-1,-1,-1,1,1,1,-1,https://www.paypal.com/stories/us/entrepreneurs-on-a-social-mission-pura-vida-bracelets,Paypal
-1,-1,-1,-1,1,1,1,-1,https://www.paypal.com/stories/us/entrepreneurs-on-a-social-mission-peanut-butter-americano,Paypal
-1,-1,1,-1,1,1,1,-1,https://www.paypal.com/stories/us/the-power-of-partnering,Paypal
-1,-1,-1,-1,1,1,1,-1,https://www.paypal.com/stories/us/how-you-can-boost-financial-health-around-the-world,Paypal
-1,-1,-1,-1,1,1,1,-1,https://www.paypal.com/stories/us/extending-financial-services-to-underserved-populations,Paypal
-1,-1,1,-1,1,1,1,-1,https://www.paypal.com/stories/us/uniting-to-support-gender-equality,Paypal
-1,-1,1,-1,1,1,1,-1,https://www.paypal.com/stories/us/eta-transact-2016-delivering-choice-opening-opportunity,Paypal
-1,-1,-1,-1,1,1,1,-1,https://www.paypal.com/stories/us/ecuador-earthquake-heres-how-you-can-help,Paypal
-1,-1,1,-1,1,1,1,-1,https://www.paypal.com/stories/us/paypal-adds-chief-compliance-officer-to-executive-leadership-team,Paypal
-1,-1,-1,-1,1,1,1,-1,https://www.paypal.com/stories/us/how-millennial-entrepreneurs-manage-their-financial-health,Paypal
-1,-1,-1,-1,1,1,1,-1,https://www.paypal.com/stories/us/the-whole-community-is-greater-than-the-sum-of-its-parts,Paypal
-1,-1,-1,-1,1,1,1,-1,https://www.paypal.com/stories/us/four-small-business-owners-share-paypal-success-stories,Paypal
-1,-1,-1,-1,1,1,1,-1,https://www.paypal.com/stories/us/paypal-currency-latin-america-blooms,Paypal
-1,-1,1,-1,1,1,1,-1,https://www.paypal.com/stories/us/finding-perspective-on-top-of-the-worlds-tallest-mountain,Paypal
-1,-1,-1,-1,1,1,1,-1,https://www.paypal.com/stories/us/the-top-six-money-myths,Paypal
-1,-1,-1,-1,1,1,1,-1,https://www.paypal.com/stories/us/paypals-mj-austin-wins-svbjs-women-of-influence-award,Paypal
-1,-1,-1,-1,1,1,1,-1,https://www.paypal.com/stories/us/paypal-and-ivyrevel-fuse-fashion-and-tech-innovation,Paypal
-1,-1,-1,-1,1,1,1,-1,https://www.paypal.com/stories/us/paypal-woocommerce-expand-digital-payment-integration-extension,Paypal
-1,-1,1,-1,1,1,1,-1,https://www.paypal.com/stories/us/easy-payments-with-paypal-credit-puts-quality-within-reach,Paypal
-1,-1,-1,-1,1,1,1,-1,https://www.paypal.com/stories/us/paypal-withdraws-plan-for-charlotte-expansion,Paypal
-1,-1,-1,-1,1,1,1,-1,https://www.paypal.com/stories/us/celebrating-10-years-of-mobile-innovation,Paypal
-1,-1,-1,-1,1,1,1,-1,https://www.paypal.com/us/webapps/mpp/merchant-fees,Paypal
-1,0,1,-1,1,1,1,-1,https://www.paypal.com/webapps/mpp/ua/useragreement-full?locale.x=en_us,Paypal
-1,0,1,-1,1,1,1,-1,https://www.paypal.com/us/webapps/mpp/ua/acceptableuse-full?locale.x=en_us,Paypal
-1,-1,1,-1,1,1,1,-1,https://www.paypal.com/us/selfhelp/home,Paypal
-1,-1,-1,-1,1,1,1,-1,https://www.paypal.com/us/selfhelp/article/can-i-cancel-a-paypal-payment-faq637,Paypal
-1,-1,-1,-1,1,1,1,-1,https://www.paypal.com/us/selfhelp/article/how-do-i-link-a-debit-or-credit-card-to-my-paypal-account-faq826,Paypal
-1,0,1,-1,1,1,1,-1,https://www.paypal.com/us/selfhelp/article/i-forgot-my-password.-how-do-i-reset-it-faq1933,Paypal
-1,-1,1,-1,1,1,1,-1,https://www.paypal.com/us/selfhelp/article/what-is-the-resolution-center-faq3327,Paypal
-1,-1,-1,-1,1,1,1,-1,https://www.paypal.com/us/selfhelp/article/common-1099-and-tax-related-questions-faq3405,Paypal
-1,-1,-1,-1,1,1,1,-1,https://www.paypal.com/us/selfhelp/article/how-does-paypal-report-my-sales-to-the-irs-will-i-receive-a-1099-tax-statement-faq729,Paypal
-1,-1,-1,-1,1,1,1,-1,https://www.paypal.com/us/selfhelp/article/how-do-i-find-my-1099-tax-statement-in-my-paypal-account-faq919,Paypal
-1,-1,-1,-1,1,1,1,-1,https://www.paypal.com/us/selfhelp/article/how-do-i-download-my-transaction-history-faq1007,Paypal
-1,-1,1,-1,1,1,1,-1,https://www.paypal.com/us/selfhelp/article/common-1099-and-tax-related-questions-faq3404,Paypal
-1,-1,-1,-1,1,1,1,-1,https://www.paypal.com/us/selfhelp/article/how-do-i-change-the-name-on-my-paypal-business-account-faq705,Paypal
-1,-1,1,-1,1,1,1,-1,https://www.paypal.com/us/selfhelp/article/how-do-i-view-or-edit-my-account-information-faq772/1,Paypal
1,0,1,1,1,1,1,-1,https://www.paypal-prepaid.com/faq.shtml,Paypal
-1,-1,-1,-1,1,1,1,-1,https://www.paypal.com/us/selfhelp/article/what-are-the-fees-for-paypal-accounts-faq690,Paypal
-1,-1,-1,-1,1,1,1,-1,https://www.paypal.com/us/selfhelp/article/how-do-i-view-or-edit-my-account-information-faq772,Paypal
-1,-1,-1,-1,1,1,1,-1,https://www.paypal.com/us/selfhelp/article/how-do-i-change-my-password-and-security-questions-faq1440,Paypal
-1,-1,-1,-1,1,1,1,-1,https://www.paypal.com/us/selfhelp/article/how-do-i-send-money-faq1684,Paypal
-1,-1,-1,-1,1,1,1,-1,https://www.paypal.com/us/selfhelp/article/how-do-i-issue-a-full-or-partial-refund-faq780,Paypal
-1,-1,-1,-1,1,1,1,-1,https://www.paypal.com/us/selfhelp/topic/close_a_dispute,Paypal
-1,-1,1,-1,1,1,1,-1,https://www.paypal.com/us/selfhelp/article/how-do-i-report-a-billing-issue-faq3421,Paypal
-1,-1,-1,-1,1,1,1,-1,https://www.paypal.com/us/selfhelp/article/what-is-paypal's-infringement-report-process-faq561,Paypal
-1,-1,-1,-1,1,1,1,-1,https://www.paypal.com/us/selfhelp/article/how-can-i-report-a-problem-faq2337,Paypal
-1,-1,1,-1,1,1,1,-1,https://www.paypal.com/us/selfhelp/article/why-is-my-payment-on-hold-or-unavailable-faq1987,Paypal
-1,-1,-1,-1,1,1,1,-1,https://www.paypal.com/us/selfhelp/article/why-is-my-payment-from-a-sale-on-ebay-on-hold-faq1377,Paypal
-1,-1,-1,-1,1,1,1,-1,https://www.paypal.com/us/selfhelp/article/learn-paypal-here%e2%84%a2-basics-faq2402,Paypal
-1,-1,1,-1,1,1,1,-1,https://www.paypal.com/us/selfhelp/article/how-do-i-find-my-paypal-credit-account-number-faq3035,Paypal
-1,-1,1,1,1,1,1,-1,https://www.facebook.com/,Facebook
-1,-1,1,1,1,1,1,-1,https://www.facebook.com/about/privacy/,Facebook
-1,-1,1,1,1,1,1,-1,https://www.facebook.com/help/1561485474074139,Facebook
-1,-1,1,1,1,1,1,-1,https://www.facebook.com/help/mobile-basic/570785306433644/?helpref=hc_fnav,Facebook
-1,-1,1,1,1,1,1,-1,https://www.facebook.com/help/?helpref=hc_global_nav,Facebook
-1,-1,1,1,1,1,1,-1,https://www.facebook.com/help/188157731232424?helpref=topq,Facebook
-1,-1,1,1,1,1,1,-1,https://www.facebook.com/help/185285184853471?helpref=topq,Facebook
-1,-1,1,1,1,1,1,-1,https://www.facebook.com/help/105487009541643?helpref=topq,Facebook
-1,-1,1,1,1,1,1,-1,https://www.facebook.com/help/213395615347144?helpref=topq,Facebook
-1,-1,1,1,1,1,1,-1,https://www.facebook.com/help/124904560921566?helpref=topq,Facebook
-1,-1,1,1,1,1,1,-1,https://www.facebook.com/facebook,Facebook
-1,-1,1,1,1,1,1,-1,https://www.facebook.com/pg/facebook/about/?ref=page_internal,Facebook
-1,-1,1,1,1,1,1,-1,https://www.facebook.com/pg/facebook/photos/?ref=page_internal,Facebook
-1,-1,1,1,1,1,1,-1,https://www.facebook.com/pg/facebook/events/?ref=page_internal,Facebook
-1,-1,1,1,1,1,1,-1,https://www.facebook.com/pg/facebook/videos/?ref=page_internal,Facebook
-1,-1,1,1,1,1,1,-1,https://www.facebook.com/facebook/app/412211525498027/,Facebook
-1,-1,1,1,1,1,1,-1,https://www.facebook.com/pg/facebook/likes/?ref=page_internal,Facebook
-1,-1,1,1,1,1,1,-1,https://www.facebook.com/facebook/app/354007031319571/,Facebook
-1,-1,1,1,1,1,1,-1,https://www.facebook.com/pg/facebook/posts/?ref=page_internal,Facebook
-1,-1,1,1,1,1,1,-1,https://www.facebook.com/pg/facebook/locations/?ref=page_internal,Facebook
-1,-1,1,1,1,1,1,-1,https://www.facebook.com/pg/facebook/notes/?ref=page_internal,Facebook
-1,-1,1,1,1,1,1,-1,https://www.facebook.com/lite/,Facebook
-1,-1,1,1,1,1,1,-1,https://www.facebook.com/mobile/?ref=pf,Facebook
-1,-1,1,1,1,1,1,-1,https://www.facebook.com/directory/pages/,Facebook
-1,-1,1,1,1,1,1,-1,https://www.facebook.com/places/,Facebook
-1,-1,1,1,1,1,1,-1,https://www.facebook.com/games/,Facebook
-1,-1,1,1,1,1,1,-1,https://www.facebook.com/directory/celebrities/,Facebook
-1,-1,1,1,1,1,1,-1,https://www.facebook.com/marketplace/103879976317396/?ref=fb_home,Facebook
-1,-1,1,1,1,1,1,-1,https://www.facebook.com/directory/groups/,Facebook
-1,-1,1,1,1,1,1,-1,https://www.facebook.com/recipes/,Facebook
-1,-1,1,1,1,1,1,-1,https://www.facebook.com/pages/create/?ref_type=sitefooter,Facebook
-1,0,1,1,1,1,1,-1,https://developers.facebook.com/?ref=pf,Facebook
-1,-1,1,1,1,1,1,-1,https://www.facebook.com/careers/?ref=pf,Facebook
-1,-1,1,1,1,1,1,-1,https://www.facebook.com/privacy/explanation,Facebook
-1,-1,1,1,1,1,1,-1,https://www.facebook.com/policies/cookies/,Facebook
-1,-1,1,1,1,1,1,-1,https://www.facebook.com/policies?ref=pf,Facebook
-1,-1,1,1,1,1,1,-1,https://www.facebook.com/careers/teams/,Facebook
-1,-1,1,1,1,1,1,-1,https://www.facebook.com/careers/locations/,Facebook
-1,-1,1,1,1,1,1,-1,https://www.facebook.com/careers/university/,Facebook
-1,-1,1,1,1,1,1,-1,https://www.facebook.com/careers/benefits/,Facebook
-1,-1,1,1,1,1,1,-1,https://www.facebook.com/careers/life/,Facebook
-1,-1,1,1,1,1,1,-1,https://www.facebook.com/careers/community/,Facebook
-1,-1,1,1,1,1,1,-1,https://www.facebook.com/safety,Facebook
-1,-1,1,1,1,1,1,-1,https://www.facebook.com/safety/policies,Facebook
-1,-1,1,1,1,1,1,-1,https://www.facebook.com/safety/tools,Facebook
-1,-1,1,1,1,1,1,-1,https://www.facebook.com/safety/tools/safety,Facebook
-1,-1,1,1,1,1,1,-1,https://www.facebook.com/safety/tools/security,Facebook
-1,-1,1,1,1,1,1,-1,https://www.facebook.com/safety/tools/privacy,Facebook
-1,-1,1,1,1,1,1,-1,https://www.facebook.com/safety/resources,Facebook
-1,-1,1,1,1,1,1,-1,https://www.facebook.com/safety/bullying,Facebook
-1,-1,1,1,1,1,1,-1,https://www.facebook.com/safety/bullying/teens,Facebook
-1,-1,1,1,1,1,1,-1,https://www.facebook.com/safety/bullying/teens/youarebeingbullied,Facebook
-1,-1,1,1,1,1,1,-1,https://www.facebook.com/safety/bullying/teens/yourfriendisbeingbullied,Facebook
-1,-1,1,1,1,1,1,-1,https://www.facebook.com/safety/bullying/teens/youarecalledabully,Facebook
-1,-1,1,1,1,1,1,-1,https://www.facebook.com/safety/bullying/parents,Facebook
-1,-1,1,1,1,1,1,-1,https://www.facebook.com/safety/bullying/parents/mychildisbeingbullied,Facebook
-1,-1,1,1,1,1,1,-1,https://www.facebook.com/safety/bullying/parents/mychildisbullyingothers,Facebook
-1,-1,1,1,1,1,1,-1,https://www.facebook.com/safety/bullying/educators,Facebook
-1,-1,1,1,1,1,1,-1,https://www.facebook.com/safety/bullying/educators/mystudentisbeingbullied,Facebook
-1,-1,1,1,1,1,1,-1,https://www.facebook.com/safety/bullying/educators/mystudentisbullyingothers,Facebook
-1,-1,1,1,1,1,1,-1,https://www.facebook.com/safety/bullying/educators/prevention,Facebook
-1,-1,1,1,1,1,1,-1,https://www.facebook.com/safety/parents,Facebook
-1,-1,1,1,1,1,1,-1,https://www.facebook.com/safety/parents/gettoknow,Facebook
-1,-1,1,1,1,1,1,-1,https://www.facebook.com/safety/parents/gettoknow/gettingstarted,Facebook
-1,-1,1,1,1,1,1,-1,https://www.facebook.com/safety/parents/gettoknow/stayingsafe,Facebook
-1,-1,1,1,1,1,1,-1,https://www.facebook.com/safety/parents/tips,Facebook
-1,-1,1,1,1,1,1,-1,https://www.facebook.com/safety/parents/expertadvice,Facebook
-1,-1,1,1,1,1,1,-1,https://www.facebook.com/help/799880743466869/?ref=sc,Facebook
-1,-1,1,1,1,1,1,-1,https://www.facebook.com/help/909243165853369/?helpref=hc_fnav,Facebook
-1,-1,1,1,1,1,1,-1,https://www.facebook.com/help/1584206335211143/?helpref=hc_fnav,Facebook
-1,-1,1,1,1,1,1,-1,https://www.facebook.com/help/1036755649750898/?helpref=hc_fnav,Facebook
-1,-1,1,1,1,1,1,-1,https://www.facebook.com/help/530847210446227/?helpref=hc_fnav,Facebook
-1,-1,1,1,1,1,1,-1,https://www.facebook.com/help/269880466696699/?helpref=hc_fnav,Facebook
-1,-1,1,1,1,1,1,-1,https://www.facebook.com/help/1719980288275077/?helpref=hc_fnav,Facebook
-1,-1,1,1,1,1,1,-1,https://www.facebook.com/help/109378269482053/?helpref=hc_fnav,Facebook
-1,-1,1,1,1,1,1,-1,https://www.facebook.com/help/516147308587266/?helpref=hc_fnav,Facebook
-1,-1,1,1,1,1,1,-1,https://www.facebook.com/help/1075880512458213/?helpref=hc_fnav,Facebook
-1,-1,1,1,1,1,1,-1,https://www.facebook.com/help/610457675797481/?helpref=hc_fnav,Facebook
-1,-1,1,1,1,1,1,-1,https://www.facebook.com/help/1701730696756992/?helpref=hc_fnav,Facebook
-1,-1,1,1,1,1,1,-1,https://www.facebook.com/help/250563911970368/?helpref=hc_fnav,Facebook
-1,-1,1,1,1,1,1,-1,https://www.facebook.com/help/1090831264320592/?helpref=hc_fnav,Facebook
-1,-1,1,1,1,1,1,-1,https://www.facebook.com/help/239070709801747/?helpref=hc_fnav,Facebook
-1,-1,1,1,1,1,1,-1,https://www.facebook.com/help/1221288724572426/?helpref=hc_fnav,Facebook
-1,-1,1,1,1,1,1,-1,https://www.facebook.com/help/1017657581651994/?helpref=hc_fnav,Facebook
-1,-1,1,1,1,1,1,-1,https://www.facebook.com/help/1217373834962306/?helpref=hc_fnav,Facebook
-1,-1,1,1,1,1,1,-1,https://www.facebook.com/help/1640261589632787/?helpref=hc_fnav,Facebook
-1,-1,1,1,1,1,1,-1,https://www.facebook.com/help/1297502253597210/?helpref=hc_fnav,Facebook
-1,-1,1,1,1,1,1,-1,https://www.facebook.com/help/1740158369563165/?helpref=hc_fnav,Facebook
-1,-1,1,1,1,1,1,-1,https://www.facebook.com/help/280983625624825/?helpref=hc_fnav,Facebook
-1,-1,1,1,1,1,1,-1,https://www.facebook.com/help/991335594313139/?helpref=hc_fnav,Facebook
-1,-1,1,1,1,1,1,-1,https://www.facebook.com/help/191128814621591/?helpref=hc_fnav,Facebook
-1,-1,1,1,1,1,1,-1,https://www.facebook.com/help/1058033620955509/?helpref=hc_fnav,Facebook
-1,-1,1,1,1,1,1,-1,https://www.facebook.com/help/248976822124608/?helpref=hc_fnav,Facebook
-1,-1,1,1,1,1,1,-1,https://www.facebook.com/help/283100488694834/?helpref=hc_fnav,Facebook
-1,-1,1,1,1,1,1,-1,https://www.facebook.com/help/1069521513115444?helpref=hc_global_nav,Facebook
-1,-1,1,1,1,1,1,-1,https://www.facebook.com/help/1703757313215897/?helpref=hc_fnav,Facebook
-1,-1,1,1,1,1,1,-1,https://www.facebook.com/help/490693151131920/?helpref=hc_fnav,Facebook
-1,-1,1,1,1,1,1,-1,https://www.aol.com/,AOL
-1,0,1,1,1,1,1,-1,http://corp.aol.com/mission,AOL
-1,0,1,1,1,1,1,-1,http://corp.aol.com/history,AOL
-1,0,1,1,1,1,1,-1,http://corp.aol.com/leadership,AOL
-1,0,1,1,1,1,1,-1,http://corp.aol.com/international,AOL
-1,0,1,1,1,1,1,-1,http://corp.aol.com/our-businesses,AOL
-1,0,1,1,1,1,1,-1,http://corp.aol.com/oath,AOL
-1,0,1,1,1,1,1,-1,http://corp.aol.com/citizen-aol,AOL
-1,0,1,1,1,1,1,-1,http://corp.aol.com/aol-charitable-foundation,AOL
-1,0,1,1,1,1,1,-1,http://corp.aol.com/accessibility,AOL
-1,0,1,1,1,1,1,-1,http://corp.aol.com/life-aol,AOL
-1,0,1,1,1,1,1,-1,http://corp.aol.com/inclusion-and-diversity,AOL
-1,0,1,1,1,1,1,-1,http://corp.aol.com/aol-standards-business-conduct,AOL
-1,0,1,1,1,1,1,-1,http://corp.aol.com/brands,AOL
-1,0,1,1,1,1,1,-1,https://build.aol.com/,AOL
-1,-1,1,1,1,1,1,-1,https://www.aol.com/video/?on=1,AOL
-1,0,1,1,1,1,1,-1,https://discover.aol.com/brands/aol-advertising,AOL
-1,0,1,1,1,1,1,-1,http://corp.aol.com/advertising,AOL
-1,0,1,1,1,1,1,-1,https://discover.aol.com/brands,AOL
-1,0,1,1,1,1,1,-1,https://discover.aol.com/products-and-services/aol-app,AOL
-1,0,1,1,1,1,1,-1,https://discover.aol.com/products-and-services/aim,AOL
-1,0,1,1,1,1,1,-1,https://discover.aol.com/products-and-services/aol-computer-checkup,AOL
-1,0,1,1,1,1,1,-1,http://jobs.aol.com/,AOL
-1,0,1,1,1,1,1,-1,https://discover.aol.com/products-and-services/aol-mobile,AOL
-1,0,1,1,1,1,1,-1,http://discover.aol.com/brands/aol-plans,AOL
-1,0,1,1,1,1,1,-1,https://discover.aol.com/brands/aol-reader,AOL
-1,0,1,1,1,1,1,-1,https://discover.aol.com/brands/aol-search,AOL
-1,0,1,1,1,1,1,-1,https://discover.aol.com/products-and-services/aol-toolbar,AOL
-1,0,1,1,1,1,1,-1,https://discover.aol.com/products-and-services/aol-desktop-for-windows,AOL
-1,0,1,1,1,1,1,-1,https://discover.aol.com/brands/autoblog,AOL
-1,0,1,1,1,1,1,-1,https://discover.aol.com/products-and-services/alto-app,AOL
-1,0,1,1,1,1,1,-1,https://discover.aol.com/brands/aol-com,AOL
-1,0,1,1,1,1,1,-1,https://discover.aol.com/products-and-services?tags=downloads,AOL
-1,0,1,1,1,1,1,-1,https://discover.aol.com/products-and-services/aol-mail,AOL
-1,0,1,1,1,1,1,-1,https://discover.aol.com/brands/aol-on,AOL
-1,0,1,1,1,1,1,-1,https://discover.aol.com/brands/aol-radio,AOL
-1,0,1,1,1,1,1,-1,https://discover.aol.com/products-and-services/aol-shield-browser,AOL
-1,0,1,1,1,1,1,-1,https://discover.aol.com/brands/aol-real-estate,AOL
-1,0,1,1,1,1,1,-1,https://discover.aol.com/products-and-services/aol-desktop-for-mac,AOL
-1,0,1,1,1,1,1,-1,https://discover.aol.com/products-and-services/assist-by-aol,AOL
-1,-1,1,1,1,1,1,-1,http://www.aol.com/build/,AOL
-1,0,1,1,1,1,1,-1,https://discover.aol.com/brands/cambio,AOL
-1,0,1,1,1,1,1,-1,https://discover.aol.com/brands/crunchbase,AOL
-1,0,1,1,1,1,1,-1,https://help.aol.com/products/data-secure-by-aol,AOL
-1,0,1,1,1,1,1,-1,https://discover.aol.com/brands/games-com,AOL
-1,0,1,1,1,1,1,-1,https://discover.aol.com/brands/engadget,AOL
-1,0,1,1,1,1,1,-1,https://discover.aol.com/products-and-services/huffpost-gps-for-the-soul,AOL
-1,0,1,1,1,1,1,-1,http://help.aol.com/,AOL
-1,0,1,1,1,1,1,-1,https://discover.aol.com/products-and-services/id-protection-by-aol,AOL
-1,0,1,1,1,1,1,-1,https://discover.aol.com/brands/makers,AOL
-1,0,1,1,1,1,1,-1,https://discover.aol.com/brands/mapquest,AOL
-1,0,1,1,1,1,1,-1,https://discover.aol.com/brands/moviefone,AOL
-1,0,1,1,1,1,1,-1,https://discover.aol.com/brands/mandatory,AOL
-1,0,1,1,1,1,1,-1,https://discover.aol.com/brands/mom-me,AOL
-1,0,1,1,1,1,1,-1,http://privacy.aol.com/,AOL
-1,0,1,1,1,1,1,-1,https://discover.aol.com/security,AOL
-1,-1,1,1,1,1,1,-1,https://www.aol.com/news/,AOL
-1,-1,1,1,1,1,1,-1,https://www.aol.com/entertainment/,AOL
-1,-1,1,1,1,1,1,-1,https://www.aol.com/finance/,AOL
-1,-1,1,1,1,1,1,-1,https://www.aol.com/lifestyle/,AOL
-1,-1,1,1,1,1,1,-1,http://www.aol.com/games/,AOL
-1,0,1,1,1,1,1,-1,https://www.aol.com/shop/?utm_source=aol.com&utm_medium=topnav,AOL
-1,-1,1,1,1,1,1,-1,https://www.aol.com/article/shop/2017/04/20/the-one-designer-you-need-to-know-for-this-years-met-gala/22048250/,AOL
-1,-1,1,1,1,1,1,-1,https://www.aol.com/us-news/,AOL
-1,-1,1,1,1,1,1,-1,https://www.aol.com/world-news/,AOL
-1,-1,1,1,1,1,1,-1,https://www.aol.com/politics/,AOL
-1,-1,1,1,1,1,1,-1,https://www.aol.com/sports/,AOL
-1,-1,1,1,1,1,1,-1,https://www.aol.com/science-tech/,AOL
-1,-1,1,1,1,1,1,-1,https://www.aol.com/article/news/2017/04/24/pregnant-serena-williams-shares-heartfelt-message-to-dearest-baby/22053560/,AOL
-1,-1,1,1,1,1,1,-1,https://www.aol.com/article/news/2017/04/24/us-carrier-group-heads-for-korean-waters-china-calls-for-restra/22053039/,AOL
-1,-1,1,1,1,1,1,-1,https://www.aol.com/article/news/2017/04/24/entire-us-senate-to-go-to-white-house-for-north-korea-briefing/22053582/,AOL
-1,-1,1,1,1,1,1,-1,https://www.aol.com/article/news/2017/04/24/arkansas-plans-to-execute-two-convicts-monday/22052889/,AOL
-1,-1,1,1,1,1,1,-1,https://www.aol.com/article/news/2017/04/24/indiana-university-will-ban-athletes-with-history-of-sexual-viol/22053257/,AOL
-1,-1,1,1,1,1,1,-1,https://www.google.com/,Google
-1,1,1,1,1,1,1,-1,https://www.google.com/intl/en/ads/?fg=1&utm_expid=95258301-48.nx6rrpi6q1gq3fwv6gpepg.0&utm_referrer=https%3a%2f%2fwww.google.com%2f,Google
-1,-1,1,1,1,1,1,-1,https://www.google.com/services/?fg=1,Google
-1,-1,1,1,1,1,1,-1,https://www.google.com/intl/en/about/,Google
-1,-1,1,1,1,1,1,-1,https://www.google.com/intl/en/about/products/,Google
-1,-1,1,1,1,1,1,-1,https://www.google.com/intl/en/policies/privacy/?fg=1,Google
-1,-1,1,1,1,1,1,-1,https://www.google.com/intl/en/policies/,Google
-1,-1,1,1,1,1,1,-1,https://www.google.com/intl/en/policies/terms/,Google
-1,-1,1,1,1,1,1,-1,https://www.google.com/intl/en/policies/technologies/,Google
-1,-1,1,1,1,1,1,-1,https://www.google.com/intl/en/policies/faq/,Google
-1,-1,1,1,1,1,1,-1,https://www.google.com/intl/en/safetycenter/,Google
-1,-1,1,1,1,1,1,-1,https://www.google.com/intl/en/safetycenter/everyone/start/,Google
-1,-1,1,1,1,1,1,-1,https://www.google.com/intl/en/safetycenter/families/start/,Google
-1,-1,1,1,1,1,1,-1,https://www.google.com/intl/en/safetycenter/tools/,Google
-1,-1,1,1,1,1,1,-1,https://www.google.com/intl/en/safetycenter/everyone/start/password/,Google
-1,-1,1,1,1,1,1,-1,https://www.google.com/intl/en/safetycenter/everyone/start/signing-out/,Google
-1,-1,1,1,1,1,1,-1,https://www.google.com/intl/en/safetycenter/everyone/start/accounts/,Google
-1,-1,1,1,1,1,1,-1,https://www.google.com/intl/en/safetycenter/everyone/start/gmail/,Google
-1,-1,1,1,1,1,1,-1,https://www.google.com/intl/en/safetycenter/everyone/start/safe-networks/,Google
-1,-1,1,1,1,1,1,-1,https://www.google.com/intl/en/safetycenter/everyone/start/locking/,Google
-1,-1,1,1,1,1,1,-1,https://www.google.com/intl/en/safetycenter/everyone/start/devices/,Google
-1,-1,1,1,1,1,1,-1,https://www.google.com/intl/en/safetycenter/everyone/start/online-shopping-tips/,Google
-1,-1,1,1,1,1,1,-1,https://www.google.com/intl/en/safetycenter/families/start/security/,Google
-1,-1,1,1,1,1,1,-1,https://www.google.com/intl/en/safetycenter/families/start/basics/,Google
-1,-1,1,1,1,1,1,-1,https://www.google.com/intl/en/safetycenter/families/start/mobile/,Google
-1,-1,1,1,1,1,1,-1,https://www.google.com/intl/en/safetycenter/families/explore/,Google
-1,-1,1,1,1,1,1,-1,https://www.google.com/intl/en/safetycenter/families/explore/age-appropriate/,Google
-1,-1,1,1,1,1,1,-1,https://www.google.com/intl/en/safetycenter/families/explore/content-credibility/,Google
-1,-1,1,1,1,1,1,-1,https://www.google.com/intl/en/safetycenter/families/manage/,Google
-1,-1,1,1,1,1,1,-1,https://www.google.com/intl/en/safetycenter/families/manage/personal-information/,Google
-1,-1,1,1,1,1,1,-1,https://www.google.com/intl/en/safetycenter/families/manage/connections/,Google
-1,-1,1,1,1,1,1,-1,https://www.google.com/intl/en/safetycenter/families/manage/bully/,Google
-1,-1,1,1,1,1,1,-1,https://www.google.com/intl/en/safetycenter/everyone/cybercrime/,Google
-1,-1,1,1,1,1,1,-1,https://www.google.com/intl/en/safetycenter/everyone/cybercrime/scams/,Google
-1,-1,1,1,1,1,1,-1,https://www.google.com/intl/en/safetycenter/everyone/cybercrime/fraud/,Google
-1,-1,1,1,1,1,1,-1,https://www.google.com/intl/en/safetycenter/everyone/cybercrime/identity-theft/,Google
-1,-1,1,1,1,1,1,-1,https://www.google.com/intl/en/safetycenter/everyone/cybercrime/identity-theft-help/,Google
-1,-1,1,1,1,1,1,-1,https://www.google.com/intl/en/safetycenter/everyone/cybercrime/devices/,Google
-1,-1,1,1,1,1,1,-1,https://www.google.com/intl/en/safetycenter/everyone/cybercrime/devices-help/,Google
-1,-1,1,1,1,1,1,-1,https://www.google.com/culturalinstitute/beta/u/0/entity/%2fm%2f075ch5?hl=en,Google
-1,-1,1,1,1,1,1,-1,https://www.google.com/ads/publisher/?sourceid=awo&subid=ww-ww-et-adsexp_publ_v2,Google
-1,-1,1,1,1,1,1,-1,https://www.google.com/,Google
-1,-1,1,1,1,1,1,-1,https://www.google.com/,Google
-1,-1,1,1,1,1,1,-1,https://www.google.com/,Google
-1,-1,1,1,1,1,1,-1,https://www.google.com/,Google
-1,-1,1,1,1,1,1,-1,https://www.apple.com/,Apple
-1,-1,1,1,1,1,1,-1,https://www.apple.com/mac/,Apple
-1,-1,1,1,1,1,1,-1,https://www.apple.com/ipad/,Apple
-1,-1,1,1,1,1,1,-1,https://www.apple.com/iphone/,Apple
-1,-1,1,1,1,1,1,-1,https://www.apple.com/watch/,Apple
-1,-1,1,1,1,1,1,-1,https://www.apple.com/tv/,Apple
-1,-1,1,1,1,1,1,-1,https://www.apple.com/music/,Apple
-1,-1,1,1,1,1,1,-1,https://www.apple.com/itunes/,Apple
-1,-1,1,1,1,1,1,-1,https://www.apple.com/ipod/,Apple
-1,-1,1,1,1,1,1,-1,https://www.apple.com/shop/accessories/all-accessories,Apple
-1,-1,1,1,1,1,1,-1,https://www.apple.com/shop/gift-cards,Apple
-1,-1,1,1,1,1,1,-1,https://www.apple.com/retail/,Apple
-1,-1,1,1,1,1,1,-1,https://www.apple.com/retail/geniusbar/,Apple
-1,-1,1,1,1,1,1,-1,https://www.apple.com/retail/learn/,Apple
-1,-1,1,1,1,1,1,-1,https://www.apple.com/retail/learn/youth/,Apple
-1,-1,1,1,1,1,1,-1,https://www.apple.com/shop/browse/home/specialdeals,Apple
-1,-1,1,1,1,1,1,-1,https://www.apple.com/shop/browse/financing,Apple
-1,-1,1,1,1,1,1,-1,https://www.apple.com/recycling/,Apple
-1,-1,1,1,1,1,1,-1,https://www.apple.com/shop/account/home,Apple
-1,-1,1,1,1,1,1,-1,https://www.apple.com/shop/help,Apple
-1,-1,1,1,1,1,1,-1,https://www.apple.com/education/,Apple
-1,-1,1,1,1,1,1,-1,https://www.apple.com/us-hed/shop,Apple
-1,-1,1,1,1,1,1,-1,https://www.apple.com/business/,Apple
-1,-1,1,1,1,1,1,-1,https://www.apple.com/retail/business/,Apple
-1,-1,1,1,1,1,1,-1,https://www.apple.com/us-hed/shop/account/home,Apple
-1,-1,1,1,1,1,1,-1,https://www.apple.com/accessibility/,Apple
-1,-1,1,1,1,1,1,-1,https://www.apple.com/accessibility/mac/,Apple
-1,-1,1,1,1,1,1,-1,https://www.apple.com/accessibility/ipad/,Apple
-1,-1,1,1,1,1,1,-1,https://www.apple.com/accessibility/iphone/,Apple
-1,-1,1,1,1,1,1,-1,https://www.apple.com/accessibility/watch/,Apple
-1,-1,1,1,1,1,1,-1,https://www.apple.com/accessibility/tv/,Apple
-1,-1,1,1,1,1,1,-1,https://www.apple.com/education/connected/,Apple
-1,-1,1,1,1,1,1,-1,https://www.apple.com/education/products/,Apple
-1,-1,1,1,1,1,1,-1,https://www.apple.com/education/it/,Apple
-1,-1,1,1,1,1,1,-1,https://www.apple.com/education/teachers/,Apple
-1,-1,1,1,1,1,1,-1,https://www.apple.com/education/purchasing/,Apple
-1,-1,1,1,1,1,1,-1,https://www.apple.com/environment/,Apple
-1,-1,1,1,1,1,1,-1,https://www.apple.com/environment/climate-change/,Apple
-1,-1,1,1,1,1,1,-1,https://www.yahoo.com/,Yahoo
-1,-1,1,1,1,1,1,-1,https://www.yahoo.com/news/,Yahoo
-1,0,1,1,1,1,1,-1,https://sports.yahoo.com/,Yahoo
-1,0,1,1,1,1,1,-1,https://finance.yahoo.com/,Yahoo
-1,-1,1,1,1,1,1,-1,https://www.yahoo.com/news/politics/,Yahoo
-1,-1,1,1,1,1,1,-1,https://www.yahoo.com/celebrity/,Yahoo
-1,-1,1,1,1,1,1,-1,https://www.yahoo.com/tv/,Yahoo
-1,-1,1,1,1,1,1,-1,https://www.yahoo.com/style/,Yahoo
-1,-1,1,1,1,1,1,-1,https://www.yahoo.com/everything/,Yahoo
-1,0,1,1,1,1,1,-1,https://advertising.yahoo.com/,Yahoo
-1,0,1,1,1,1,1,-1,https://answers.yahoo.com/,Yahoo
-1,-1,1,1,1,1,1,-1,https://www.yahoo.com/news/tagged/autos,Yahoo
-1,-1,1,1,1,1,1,-1,https://www.yahoo.com/beauty,Yahoo
-1,0,1,1,1,1,1,-1,https://developer.yahoo.com/,Yahoo
-1,0,1,1,1,1,1,-1,https://downloads.yahoo.com/,Yahoo
-1,0,1,1,1,1,1,-1,https://sports.yahoo.com/fantasy/,Yahoo
-1,0,1,1,1,1,1,-1,https://groups.yahoo.com/neo,Yahoo
-1,0,1,1,1,1,1,-1,https://help.yahoo.com/kb/account,Yahoo
-1,0,1,1,1,1,1,-1,https://messenger.yahoo.com/,Yahoo
-1,-1,1,1,1,1,1,-1,https://www.yahoo.com/movies/,Yahoo
-1,-1,1,1,1,1,1,-1,https://www.yahoo.com/music/,Yahoo
-1,-1,1,1,1,1,1,-1,https://www.yahoo.com/news/?ref=gs,Yahoo
-1,0,1,1,1,1,1,-1,https://search.yahoo.com/,Yahoo
-1,0,1,1,1,1,1,-1,https://shopping.yahoo.com/,Yahoo
-1,0,1,1,1,1,1,-1,https://smarttv.yahoo.com/,Yahoo
-1,-1,1,1,1,1,1,-1,https://www.dropbox.com/,Dropbox
-1,-1,1,1,1,1,1,-1,https://www.dropbox.com/business,Dropbox
-1,-1,1,1,1,1,1,-1,https://www.dropbox.com/business/pricing,Dropbox
-1,-1,1,1,1,1,1,-1,https://www.dropbox.com/business/plans-comparison,Dropbox
-1,-1,1,1,1,1,1,-1,https://www.dropbox.com/business/tour,Dropbox
-1,-1,1,1,1,1,1,-1,https://www.dropbox.com/business/trust,Dropbox
-1,-1,1,1,1,1,1,-1,https://www.dropbox.com/business/customers,Dropbox
-1,-1,1,1,1,1,1,-1,https://www.dropbox.com/business/app-integrations,Dropbox
-1,-1,1,1,1,1,1,-1,https://www.dropbox.com/business/articles-videos,Dropbox
-1,-1,1,1,1,1,1,-1,https://www.dropbox.com/business/faqs,Dropbox
-1,-1,1,1,1,1,1,-1,https://www.dropbox.com/paper,Dropbox
-1,-1,1,1,1,1,1,-1,https://www.dropbox.com/business/smartsync,Dropbox
-1,-1,1,1,1,1,1,-1,https://www.dropbox.com/install,Dropbox
-1,-1,1,1,1,1,1,-1,https://www.dropbox.com/mobile,Dropbox
-1,-1,1,1,1,1,1,-1,https://www.dropbox.com/plans?trigger=homepagefoot,Dropbox
-1,-1,1,1,1,1,1,-1,https://www.dropbox.com/enterprise,Dropbox
-1,0,1,1,1,1,1,-1,https://blogs.dropbox.com/business/,Dropbox
-1,-1,1,1,1,1,1,-1,https://www.dropbox.com/business/partners,Dropbox
-1,-1,1,1,1,1,1,-1,https://www.dropbox.com/news,Dropbox
-1,-1,1,1,1,1,1,-1,https://www.dropbox.com/news/company-info,Dropbox
-1,-1,1,1,1,1,1,-1,https://www.dropbox.com/productivity,Dropbox
-1,-1,1,1,1,1,1,-1,https://www.dropbox.com/developers,Dropbox
-1,-1,1,1,1,1,1,-1,https://www.dropbox.com/dmca,Dropbox
-1,-1,1,1,1,1,1,-1,https://www.dropbox.com/help/4213,Dropbox
